,ULTA UW Equity,EXPE UW Equity,WEX UN Equity,RPRX UW Equity,CHRW UW Equity
2021-07-19,260262.0,1154566.0,109658.0,605060.0,521421.0
2021-07-20,188745.0,773642.0,113234.0,705093.0,470705.0
2021-07-21,206051.0,765952.0,75139.0,482883.0,329893.0
2021-07-22,110714.0,427708.0,54663.0,328625.0,382077.0
2021-07-23,177542.0,543091.0,54148.0,376153.0,319354.0
2021-07-26,165748.0,567751.0,59454.0,477275.0,380666.0
2021-07-27,204726.0,664581.0,66709.0,548702.0,534013.0
2021-07-28,179378.0,349115.0,77780.0,715055.0,958145.0
2021-07-29,218146.0,375578.0,127683.0,772070.0,494149.0
2021-07-30,227015.0,530882.0,116916.0,572967.0,743299.0
2021-08-02,188642.0,552038.0,96117.0,1320079.0,413593.0
2021-08-03,209096.0,729170.0,104412.0,600683.0,480520.0
2021-08-04,183243.0,499895.0,69836.0,678643.0,349494.0
2021-08-05,160707.0,1315398.0,99015.0,646287.0,402006.0
2021-08-06,128680.0,3249651.0,145202.0,415640.0,466659.0
2021-08-09,150313.0,1288585.0,94668.0,495550.0,230829.0
2021-08-10,182149.0,709421.0,143470.0,457440.0,306705.0
2021-08-11,165488.0,610549.0,121228.0,1177828.0,295106.0
2021-08-12,173640.0,528170.0,72028.0,639835.0,292073.0
2021-08-13,200930.0,595885.0,41709.0,668140.0,296999.0
2021-08-16,169605.0,712864.0,40668.0,552486.0,355755.0
2021-08-17,180515.0,599280.0,69409.0,777653.0,300214.0
2021-08-18,170194.0,518819.0,88758.0,342862.0,480793.0
2021-08-19,235991.0,690829.0,77725.0,532384.0,388607.0
2021-08-20,165754.0,645111.0,75540.0,679221.0,306042.0
2021-08-23,198376.0,656191.0,71637.0,527859.0,341022.0
2021-08-24,231391.0,885078.0,64344.0,471548.0,287870.0
2021-08-25,535681.0,631586.0,49898.0,386347.0,394168.0
2021-08-26,690085.0,563705.0,90971.0,760484.0,239271.0
2021-08-27,383061.0,492250.0,104268.0,442838.0,336063.0
2021-08-30,314597.0,489697.0,59010.0,433164.0,290071.0
2021-08-31,354935.0,1025585.0,89208.0,570326.0,876081.0
2021-09-01,286269.0,635977.0,63551.0,396135.0,814675.0
2021-09-02,266627.0,662150.0,99135.0,489243.0,514786.0
2021-09-03,146233.0,456343.0,89609.0,498761.0,343771.0
2021-09-06,146233.0,456343.0,89609.0,498761.0,343771.0
2021-09-07,182632.0,675816.0,76528.0,783287.0,350957.0
2021-09-08,260892.0,774027.0,86464.0,643761.0,433317.0
2021-09-09,208459.0,750323.0,64650.0,960465.0,523344.0
2021-09-10,208234.0,497505.0,79634.0,491678.0,494141.0
2021-09-13,216834.0,786229.0,64583.0,940569.0,729198.0
2021-09-14,139666.0,613010.0,100013.0,1320161.0,460229.0
2021-09-15,342969.0,671427.0,77019.0,4078030.0,489405.0
2021-09-16,191215.0,881690.0,60415.0,1231772.0,438508.0
2021-09-17,329997.0,1959427.0,292826.0,13148469.0,2725315.0
2021-09-20,290175.0,833546.0,81222.0,1642648.0,596352.0
2021-09-21,198045.0,768613.0,64665.0,980278.0,397287.0
2021-09-22,150654.0,774661.0,70295.0,485241.0,353224.0
2021-09-23,191268.0,1182730.0,81860.0,506799.0,320989.0
2021-09-24,107397.0,1116082.0,80542.0,633570.0,416726.0
2021-09-27,162080.0,1294070.0,150358.0,369021.0,388189.0
2021-09-28,166886.0,713863.0,156358.0,563244.0,310456.0
2021-09-29,158283.0,509559.0,70436.0,572505.0,312489.0
2021-09-30,332250.0,559422.0,132500.0,644495.0,558202.0
2021-10-01,249763.0,913154.0,165310.0,482154.0,409224.0
2021-10-04,232290.0,784895.0,136030.0,617637.0,454884.0
2021-10-05,226911.0,614610.0,118838.0,551405.0,298270.0
2021-10-06,212878.0,508519.0,141677.0,516594.0,356515.0
2021-10-07,147210.0,553388.0,44248.0,334316.0,310982.0
2021-10-08,237577.0,493395.0,38026.0,300781.0,360210.0
2021-10-11,220601.0,313917.0,89433.0,595110.0,411284.0
2021-10-12,193397.0,363422.0,41068.0,461280.0,367233.0
2021-10-13,268488.0,469846.0,100355.0,509391.0,334641.0
2021-10-14,273260.0,475200.0,107089.0,295132.0,512822.0
2021-10-15,257200.0,752884.0,83595.0,944710.0,484537.0
2021-10-18,256183.0,414435.0,102757.0,579540.0,874896.0
2021-10-19,1103296.0,586352.0,72179.0,316901.0,294029.0
2021-10-20,711119.0,841616.0,77756.0,268848.0,259299.0
2021-10-21,403386.0,690719.0,52024.0,190759.0,283298.0
2021-10-22,308478.0,513239.0,54231.0,327032.0,313260.0
2021-10-25,188033.0,375036.0,67069.0,678135.0,550946.0
2021-10-26,203270.0,461831.0,50187.0,475446.0,757330.0
2021-10-27,151197.0,408651.0,111130.0,616672.0,1040685.0
2021-10-28,136449.0,403199.0,292677.0,813193.0,548902.0
2021-10-29,236185.0,676647.0,253684.0,971839.0,646082.0
2021-11-01,235383.0,547567.0,189928.0,901005.0,541370.0
2021-11-02,253748.0,914936.0,157656.0,959344.0,839503.0
2021-11-03,166776.0,789143.0,241288.0,659129.0,969695.0
2021-11-04,185068.0,1475175.0,177523.0,503417.0,475834.0
2021-11-05,217141.0,2471023.0,128079.0,818093.0,478337.0
2021-11-08,143284.0,1369794.0,106586.0,560612.0,420417.0
2021-11-09,211643.0,1208353.0,139132.0,587544.0,268253.0
2021-11-10,181242.0,930013.0,100625.0,1114295.0,407065.0
2021-11-11,158834.0,522655.0,68328.0,716625.0,262183.0
2021-11-12,140078.0,710656.0,60813.0,1500840.0,332938.0
2021-11-15,129145.0,477404.0,103395.0,1008262.0,487901.0
2021-11-16,240276.0,656231.0,129145.0,1808497.0,618518.0
2021-11-17,167417.0,652302.0,107062.0,981515.0,297434.0
2021-11-18,179026.0,576174.0,67382.0,787745.0,354805.0
2021-11-19,205716.0,787945.0,99515.0,641601.0,544657.0
2021-11-22,133513.0,456431.0,206389.0,630033.0,412475.0
2021-11-23,167773.0,714607.0,88507.0,571487.0,351056.0
2021-11-24,158888.0,555189.0,158678.0,500409.0,323313.0
2021-11-25,158888.0,555189.0,158678.0,500409.0,323313.0
2021-11-26,151831.0,2017183.0,132707.0,517868.0,300275.0
2021-11-29,203615.0,1009806.0,118605.0,1034495.0,474931.0
2021-11-30,970630.0,1640879.0,238685.0,7425684.0,1291887.0
2021-12-01,339196.0,996459.0,138504.0,945001.0,456829.0
2021-12-02,432083.0,1009912.0,258500.0,985269.0,600304.0
2021-12-03,642989.0,1027676.0,133087.0,809755.0,673158.0
2021-12-06,426063.0,899912.0,123517.0,707117.0,531550.0
2021-12-07,494166.0,911131.0,127357.0,635424.0,452750.0
2021-12-08,446125.0,965299.0,145996.0,608977.0,471875.0
2021-12-09,386825.0,498780.0,87574.0,573156.0,493555.0
2021-12-10,391782.0,616450.0,92197.0,492442.0,780284.0
2021-12-13,448973.0,1010680.0,110675.0,520639.0,599878.0
2021-12-14,409604.0,725759.0,216465.0,702367.0,499654.0
2021-12-15,423048.0,965907.0,107592.0,1058430.0,533179.0
2021-12-16,499023.0,791427.0,121223.0,859545.0,488347.0
2021-12-17,525044.0,1543963.0,328598.0,1696130.0,1363420.0
2021-12-20,381778.0,685284.0,115739.0,1202689.0,475033.0
2021-12-21,200366.0,1537665.0,135107.0,927030.0,503456.0
2021-12-22,163065.0,887174.0,87894.0,370564.0,247467.0
2021-12-23,192711.0,449310.0,74819.0,468273.0,245291.0
2021-12-24,192711.0,449310.0,74819.0,468273.0,245291.0
2021-12-27,190229.0,423504.0,67095.0,493208.0,205798.0
2021-12-28,146411.0,432368.0,90672.0,362004.0,330059.0
2021-12-29,122173.0,370975.0,115183.0,389495.0,393283.0
2021-12-30,138654.0,383995.0,73894.0,306427.0,223494.0
2021-12-31,181629.0,347575.0,124350.0,353723.0,304047.0
2022-01-03,178001.0,684463.0,89878.0,303973.0,500995.0
2022-01-04,231701.0,782831.0,160899.0,576030.0,495125.0
2022-01-05,285830.0,593000.0,166429.0,659602.0,511216.0
2022-01-06,238437.0,604434.0,166520.0,608015.0,375323.0
2022-01-07,180825.0,659358.0,97494.0,660395.0,558636.0
2022-01-10,322382.0,812909.0,103397.0,1093913.0,623148.0
2022-01-11,229095.0,481602.0,85745.0,625417.0,453818.0
2022-01-12,149862.0,569114.0,83918.0,503321.0,470629.0
2022-01-13,196265.0,776028.0,73513.0,525588.0,435061.0
2022-01-14,249015.0,580266.0,60263.0,668823.0,446016.0
2022-01-17,249015.0,580266.0,60263.0,668823.0,446016.0
2022-01-18,164104.0,711669.0,64649.0,628883.0,423511.0
2022-01-19,215882.0,479491.0,86429.0,662791.0,390323.0
2022-01-20,266233.0,452734.0,85459.0,590680.0,545266.0
2022-01-21,322214.0,1243976.0,85794.0,507972.0,422150.0
2022-01-24,409099.0,1270943.0,147925.0,953222.0,510736.0
2022-01-25,314008.0,1490269.0,131290.0,611140.0,459521.0
2022-01-26,266029.0,835018.0,68734.0,643476.0,531212.0
2022-01-27,251757.0,624852.0,80940.0,578922.0,450831.0
2022-01-28,217325.0,709178.0,117251.0,428679.0,377174.0
2022-01-31,242232.0,879174.0,109173.0,859190.0,918178.0
2022-02-01,193174.0,727801.0,133200.0,739732.0,613479.0
2022-02-02,149369.0,1077511.0,68919.0,957217.0,1188496.0
2022-02-03,145798.0,896711.0,96139.0,588346.0,809122.0
2022-02-04,174102.0,533226.0,68707.0,418406.0,792218.0
2022-02-07,184236.0,993050.0,163642.0,427953.0,490611.0
2022-02-08,311302.0,1363913.0,128453.0,385249.0,505999.0
2022-02-09,323157.0,981483.0,100893.0,489395.0,730201.0
2022-02-10,260396.0,1377399.0,182388.0,695220.0,487962.0
2022-02-11,253960.0,1794217.0,185595.0,666431.0,668958.0
2022-02-14,252218.0,1849961.0,197990.0,1011776.0,382758.0
2022-02-15,211255.0,1301478.0,82732.0,722236.0,495498.0
2022-02-16,209985.0,1398536.0,153880.0,576740.0,425003.0
2022-02-17,208996.0,1498439.0,118935.0,537403.0,405920.0
2022-02-18,268888.0,981377.0,92251.0,561299.0,663657.0
2022-02-21,268888.0,981377.0,92251.0,561299.0,663657.0
2022-02-22,240118.0,1162887.0,77822.0,535853.0,633055.0
2022-02-23,306823.0,1123058.0,80162.0,694005.0,502592.0
2022-02-24,335197.0,1927650.0,105900.0,708736.0,909965.0
2022-02-25,191110.0,1018119.0,109332.0,741816.0,564748.0
2022-02-28,268230.0,1286155.0,159001.0,829424.0,704590.0
2022-03-01,203835.0,946377.0,113584.0,611894.0,1024705.0
2022-03-02,227736.0,903330.0,157484.0,496899.0,636534.0
2022-03-03,201332.0,1318683.0,87029.0,343326.0,850271.0
2022-03-04,222569.0,1297939.0,85661.0,680695.0,708121.0
2022-03-07,376392.0,2149984.0,98905.0,629689.0,532198.0
2022-03-08,320643.0,2043865.0,128823.0,641788.0,445276.0
2022-03-09,224541.0,1237349.0,80174.0,605282.0,621517.0
2022-03-10,595824.0,1045897.0,60098.0,491653.0,470491.0
2022-03-11,545808.0,1063532.0,55970.0,316132.0,661238.0
2022-03-14,296461.0,1399065.0,151245.0,556546.0,578922.0
2022-03-15,293846.0,1426458.0,77710.0,584021.0,489523.0
2022-03-16,311915.0,1525399.0,117552.0,926487.0,458408.0
2022-03-17,226310.0,772384.0,75761.0,1137049.0,383354.0
2022-03-18,326433.0,1645515.0,187328.0,1519505.0,2212310.0
2022-03-21,287817.0,787517.0,116620.0,1048335.0,469602.0
2022-03-22,260688.0,1145813.0,180426.0,739728.0,332670.0
2022-03-23,244108.0,1342732.0,148536.0,779820.0,427584.0
2022-03-24,207816.0,1104449.0,133011.0,802280.0,310169.0
2022-03-25,191912.0,954336.0,82483.0,630393.0,509863.0
2022-03-28,176899.0,926575.0,71400.0,753762.0,402001.0
2022-03-29,262183.0,1131605.0,87997.0,1125832.0,496125.0
2022-03-30,190948.0,868417.0,65253.0,652654.0,371200.0
2022-03-31,264721.0,1062347.0,132517.0,824923.0,642303.0
2022-04-01,262298.0,732653.0,143307.0,957324.0,696328.0
2022-04-04,218351.0,742772.0,91550.0,1129058.0,748852.0
2022-04-05,194114.0,646246.0,152394.0,987094.0,663889.0
2022-04-06,276079.0,803271.0,86715.0,1575381.0,733428.0
2022-04-07,211422.0,1187831.0,93892.0,1596101.0,617496.0
2022-04-08,257662.0,938838.0,52486.0,794593.0,717935.0
2022-04-11,284825.0,701449.0,68985.0,615792.0,617593.0
2022-04-12,256984.0,1054467.0,77492.0,1111511.0,489707.0
2022-04-13,261211.0,996224.0,66251.0,1122004.0,542838.0
2022-04-14,201611.0,926535.0,78653.0,1751211.0,354534.0
2022-04-15,201611.0,926535.0,78653.0,1751211.0,354534.0
2022-04-18,160556.0,837133.0,47657.0,995510.0,282144.0
2022-04-19,271868.0,609889.0,65346.0,1071199.0,380028.0
2022-04-20,284637.0,541211.0,55116.0,1522962.0,349017.0
2022-04-21,220949.0,835496.0,71617.0,1021771.0,335678.0
2022-04-22,251189.0,706079.0,69591.0,863522.0,364438.0
2022-04-25,311111.0,742480.0,86451.0,680920.0,456886.0
2022-04-26,168751.0,812383.0,78525.0,1121641.0,372858.0
2022-04-27,268114.0,731288.0,111656.0,973323.0,828615.0
2022-04-28,197271.0,739954.0,110183.0,971482.0,848964.0
2022-04-29,316286.0,1082989.0,165791.0,871251.0,957773.0
2022-05-02,363684.0,1756362.0,137591.0,922978.0,536150.0
2022-05-03,240400.0,3999111.0,87621.0,648199.0,520829.0
2022-05-04,248126.0,2086576.0,97893.0,1105172.0,470122.0
2022-05-05,284396.0,2391767.0,77774.0,1062923.0,645723.0
2022-05-06,266984.0,1725549.0,88839.0,1107233.0,543391.0
2022-05-09,266908.0,1648547.0,87362.0,1547034.0,384623.0
2022-05-10,315745.0,1793617.0,83707.0,1134829.0,630292.0
2022-05-11,441262.0,1671980.0,95837.0,1252477.0,542487.0
2022-05-12,266874.0,1236982.0,143747.0,1032182.0,507558.0
2022-05-13,278682.0,1000211.0,111354.0,1394693.0,563167.0
2022-05-16,242709.0,1914732.0,70224.0,766854.0,466870.0
2022-05-17,207733.0,2329622.0,54880.0,1193545.0,276896.0
2022-05-18,493980.0,1644579.0,78149.0,984901.0,548437.0
2022-05-19,382827.0,1632182.0,87915.0,806294.0,545320.0
2022-05-20,409471.0,1310401.0,76994.0,1006113.0,660107.0
2022-05-23,294265.0,1026089.0,57550.0,768252.0,309508.0
2022-05-24,281598.0,887300.0,79449.0,931724.0,463642.0
2022-05-25,328221.0,1301296.0,67977.0,577303.0,434480.0
2022-05-26,615586.0,1125661.0,72154.0,1071788.0,330000.0
2022-05-27,825185.0,831137.0,80959.0,581290.0,607953.0
2022-05-30,825185.0,831137.0,80959.0,581290.0,607953.0
2022-05-31,747125.0,1206611.0,128504.0,894504.0,1324645.0
2022-06-01,371635.0,1311090.0,74105.0,635594.0,429669.0
2022-06-02,297378.0,952207.0,114288.0,586051.0,384022.0
2022-06-03,433213.0,828709.0,51113.0,347317.0,319758.0
2022-06-06,289151.0,612777.0,62258.0,452843.0,245288.0
2022-06-07,357505.0,884920.0,72936.0,1226668.0,353771.0
2022-06-08,272420.0,784431.0,78054.0,579176.0,377756.0
2022-06-09,399217.0,1141995.0,100864.0,560144.0,334733.0
2022-06-10,345026.0,1417716.0,104973.0,471254.0,318417.0
2022-06-13,446756.0,1569493.0,104689.0,1005198.0,845298.0
2022-06-14,288393.0,1889538.0,97914.0,579880.0,1194757.0
2022-06-15,409912.0,1588605.0,78357.0,677720.0,646167.0
2022-06-16,333156.0,1429040.0,105789.0,656193.0,549993.0
2022-06-17,698324.0,2378342.0,286843.0,1949044.0,1415661.0
2022-06-20,698324.0,2378342.0,286843.0,1949044.0,1415661.0
2022-06-21,235588.0,826643.0,102179.0,571677.0,422825.0
2022-06-22,268036.0,1029881.0,195470.0,601447.0,377659.0
2022-06-23,244397.0,1303410.0,77376.0,973352.0,260330.0
2022-06-24,342138.0,1722457.0,162762.0,3202409.0,575841.0
2022-06-27,218975.0,1040410.0,75957.0,1543777.0,239064.0
2022-06-28,324327.0,1063175.0,83787.0,848143.0,454497.0
2022-06-29,323094.0,995320.0,74136.0,724279.0,238277.0
2022-06-30,362852.0,1394431.0,85894.0,899856.0,721768.0
2022-07-01,228019.0,889624.0,70308.0,401428.0,429997.0
2022-07-04,228019.0,889624.0,70308.0,401428.0,429997.0
2022-07-05,341687.0,903965.0,139225.0,865645.0,503716.0
2022-07-06,267319.0,807608.0,119056.0,861163.0,647574.0
2022-07-07,385095.0,893400.0,65157.0,607863.0,671559.0
2022-07-08,172663.0,780776.0,34706.0,524839.0,509370.0
2022-07-11,194104.0,894052.0,27039.0,327374.0,299141.0
2022-07-12,227984.0,695492.0,58578.0,394762.0,431033.0
2022-07-13,232457.0,812932.0,135017.0,424081.0,501227.0
2022-07-14,372162.0,821689.0,80521.0,702310.0,362514.0
2022-07-15,259233.0,962882.0,53519.0,1011590.0,537918.0
2022-07-18,199849.0,729408.0,52537.0,688648.0,383263.0
2022-07-19,210303.0,1136717.0,65002.0,600633.0,435679.0
2022-07-20,271584.0,1215271.0,86668.0,569299.0,435262.0
2022-07-21,204849.0,643070.0,49945.0,1549511.0,358072.0
2022-07-22,208843.0,738050.0,137998.0,643351.0,284306.0
2022-07-25,207069.0,546074.0,77259.0,539829.0,342787.0
2022-07-26,315636.0,518241.0,47515.0,535138.0,337730.0
2022-07-27,233311.0,691566.0,95087.0,480946.0,730908.0
2022-07-28,198771.0,682981.0,121593.0,536968.0,1285962.0
2022-07-29,397276.0,719751.0,161187.0,790103.0,958453.0
2022-08-01,371929.0,1268661.0,90052.0,557262.0,491852.0
2022-08-02,216882.0,894172.0,63169.0,580749.0,501000.0
2022-08-03,799857.0,1343213.0,88158.0,902207.0,359729.0
2022-08-04,331512.0,2298505.0,68322.0,471329.0,439530.0
2022-08-05,362755.0,2091163.0,73507.0,1100463.0,281443.0
2022-08-08,261367.0,1210616.0,79762.0,623834.0,491267.0
2022-08-09,227037.0,798291.0,77500.0,732072.0,481403.0
2022-08-10,250093.0,1036931.0,69173.0,526884.0,536858.0
2022-08-11,237951.0,991522.0,60587.0,456751.0,483766.0
2022-08-12,185719.0,763866.0,37389.0,440515.0,413679.0
2022-08-15,286739.0,863190.0,74982.0,795006.0,435109.0
2022-08-16,464774.0,995144.0,73334.0,692620.0,339972.0
2022-08-17,243482.0,881135.0,61436.0,1050503.0,681560.0
2022-08-18,222122.0,503517.0,59557.0,580542.0,406878.0
2022-08-19,233891.0,807217.0,68384.0,478889.0,404943.0
2022-08-22,256459.0,686968.0,57357.0,484199.0,428360.0
2022-08-23,229298.0,616123.0,41529.0,666210.0,421853.0
2022-08-24,313699.0,661715.0,78698.0,426999.0,538082.0
2022-08-25,572365.0,622912.0,54066.0,567425.0,479031.0
2022-08-26,787466.0,586039.0,51909.0,556560.0,332090.0
2022-08-29,431931.0,664804.0,44904.0,623416.0,368422.0
2022-08-30,275735.0,754737.0,91544.0,583669.0,387588.0
2022-08-31,429167.0,688016.0,116629.0,929024.0,665644.0
2022-09-01,346512.0,750584.0,72144.0,416062.0,454478.0
2022-09-02,287244.0,583822.0,77318.0,592252.0,530195.0
2022-09-05,287244.0,583822.0,77318.0,592252.0,530195.0
2022-09-06,410324.0,900934.0,74663.0,560757.0,669427.0
2022-09-07,485007.0,884942.0,78734.0,664138.0,468462.0
2022-09-08,392778.0,693849.0,69955.0,835804.0,457482.0
2022-09-09,327099.0,919107.0,91323.0,419584.0,440351.0
2022-09-12,274840.0,1072333.0,80128.0,606132.0,417428.0
2022-09-13,430500.0,1079318.0,58594.0,623222.0,552330.0
2022-09-14,352835.0,924659.0,71318.0,1522178.0,615876.0
2022-09-15,262073.0,1130018.0,178532.0,933616.0,553958.0
2022-09-16,365073.0,2182373.0,405567.0,1413202.0,1925946.0
2022-09-19,270993.0,977539.0,120138.0,1259627.0,543588.0
2022-09-20,235039.0,1347203.0,96615.0,1219467.0,825731.0
2022-09-21,195083.0,1283084.0,65955.0,588545.0,586861.0
2022-09-22,273415.0,1485841.0,93876.0,617957.0,379718.0
2022-09-23,422943.0,1256673.0,180521.0,622190.0,637626.0
2022-09-26,279601.0,933299.0,155223.0,512419.0,631533.0
2022-09-27,306462.0,1151196.0,133842.0,573645.0,544541.0
2022-09-28,327910.0,952792.0,96663.0,1148976.0,665256.0
2022-09-29,240260.0,1070945.0,102225.0,537556.0,515183.0
2022-09-30,327275.0,1119700.0,196779.0,764652.0,722517.0
2022-10-03,235576.0,1027071.0,125799.0,713388.0,627456.0
2022-10-04,238316.0,873969.0,136984.0,887560.0,548384.0
2022-10-05,343962.0,633182.0,146690.0,550443.0,476105.0
2022-10-06,251644.0,1025803.0,189746.0,787233.0,593974.0
2022-10-07,305697.0,708983.0,102311.0,1197383.0,920151.0
2022-10-10,274827.0,760394.0,73976.0,611294.0,482892.0
2022-10-11,261835.0,762973.0,106626.0,699649.0,487754.0
2022-10-12,295323.0,661810.0,84434.0,684385.0,501479.0
2022-10-13,286390.0,896223.0,69137.0,489012.0,523569.0
2022-10-14,243388.0,759031.0,70897.0,410545.0,588526.0
2022-10-17,296781.0,904753.0,110284.0,648304.0,503739.0
2022-10-18,255543.0,757738.0,123984.0,854715.0,426512.0
2022-10-19,335907.0,612600.0,94395.0,436459.0,812901.0
2022-10-20,321246.0,1154108.0,139281.0,441318.0,520355.0
2022-10-21,276799.0,1076200.0,87296.0,474166.0,479002.0
2022-10-24,293966.0,592103.0,93463.0,382464.0,405204.0
2022-10-25,356107.0,668774.0,85184.0,721906.0,457150.0
2022-10-26,269377.0,675897.0,146158.0,423983.0,533704.0
2022-10-27,228195.0,645492.0,146711.0,578643.0,586111.0
2022-10-28,267985.0,841075.0,182674.0,601570.0,463909.0
2022-10-31,274057.0,1120568.0,123985.0,591058.0,650725.0
2022-11-01,309910.0,856326.0,73180.0,484657.0,638316.0
2022-11-02,339017.0,1078914.0,129866.0,660463.0,2019415.0
2022-11-03,218110.0,1804650.0,140594.0,478300.0,886065.0
2022-11-04,189367.0,1800980.0,132718.0,600564.0,834734.0
2022-11-07,178156.0,1130017.0,59830.0,832302.0,681259.0
2022-11-08,213250.0,1087822.0,111305.0,573003.0,623696.0
2022-11-09,219700.0,882396.0,84429.0,876934.0,775065.0
2022-11-10,241075.0,1374858.0,86630.0,785895.0,697045.0
2022-11-11,302987.0,1246523.0,77110.0,511064.0,758137.0
2022-11-14,252240.0,878255.0,87344.0,998906.0,563744.0
2022-11-15,242201.0,1019328.0,86835.0,844069.0,884938.0
2022-11-16,177295.0,631532.0,88498.0,1169051.0,785501.0
2022-11-17,146878.0,687281.0,71072.0,1001879.0,500140.0
2022-11-18,172428.0,724714.0,83701.0,855957.0,490757.0
2022-11-21,134849.0,1072499.0,79758.0,1400110.0,340384.0
2022-11-22,147044.0,660533.0,84209.0,354648.0,377454.0
2022-11-23,143711.0,587823.0,68589.0,331519.0,302472.0
2022-11-24,143711.0,587823.0,68589.0,331519.0,302472.0
2022-11-25,82166.0,399752.0,24064.0,164464.0,138826.0
2022-11-28,296811.0,868821.0,99245.0,831541.0,494101.0
2022-11-29,419203.0,896667.0,67486.0,383293.0,395779.0
2022-11-30,581786.0,1080431.0,169126.0,991935.0,1162835.0
2022-12-01,418240.0,749943.0,90568.0,772308.0,493495.0
2022-12-02,456422.0,653149.0,68338.0,652315.0,613611.0
2022-12-05,289564.0,682256.0,71114.0,629522.0,620450.0
2022-12-06,314712.0,786999.0,106857.0,814284.0,571076.0
2022-12-07,277005.0,1487097.0,59385.0,828192.0,609122.0
2022-12-08,259146.0,868437.0,73456.0,434514.0,453621.0
2022-12-09,237483.0,839511.0,71858.0,625643.0,406012.0
2022-12-12,188052.0,683288.0,90214.0,707052.0,368957.0
2022-12-13,326080.0,892947.0,75259.0,648071.0,640474.0
2022-12-14,253220.0,1005079.0,72532.0,552800.0,723188.0
2022-12-15,197443.0,810531.0,102938.0,976321.0,950228.0
2022-12-16,490430.0,1634889.0,462810.0,1348492.0,2623984.0
2022-12-19,222767.0,1063428.0,84333.0,511031.0,552034.0
2022-12-20,200261.0,1065682.0,71954.0,610918.0,510106.0
2022-12-21,232980.0,817397.0,84567.0,615081.0,324532.0
2022-12-22,320585.0,887878.0,68652.0,705233.0,335285.0
2022-12-23,143461.0,1274561.0,49590.0,420014.0,252248.0
2022-12-26,143461.0,1274561.0,49590.0,420014.0,252248.0
2022-12-27,224156.0,1590286.0,43326.0,365647.0,239742.0
2022-12-28,217502.0,1506599.0,77083.0,418047.0,245961.0
2022-12-29,162242.0,1363447.0,36227.0,424351.0,367699.0
2022-12-30,137285.0,1367254.0,68215.0,454959.0,418429.0
2023-01-02,137285.0,1367254.0,68215.0,454959.0,418429.0
2023-01-03,181172.0,517833.0,64617.0,446148.0,818552.0
2023-01-04,223550.0,681644.0,92379.0,1065712.0,824896.0
2023-01-05,249917.0,984017.0,154892.0,700566.0,903968.0
2023-01-06,256402.0,732594.0,99916.0,441918.0,431397.0
2023-01-09,153615.0,773961.0,80893.0,965672.0,747541.0
2023-01-10,134898.0,773584.0,70757.0,572536.0,572868.0
2023-01-11,188058.0,1113894.0,74707.0,897457.0,662429.0
2023-01-12,154781.0,1009899.0,56260.0,639651.0,439456.0
2023-01-13,151279.0,857741.0,79199.0,433080.0,362171.0
2023-01-16,151279.0,857741.0,79199.0,433080.0,362171.0
2023-01-17,165081.0,791866.0,59448.0,817904.0,603776.0
2023-01-18,173285.0,1224539.0,70854.0,529373.0,721347.0
2023-01-19,228523.0,1037390.0,49983.0,429235.0,689991.0
2023-01-20,217885.0,994796.0,77048.0,444340.0,501289.0
2023-01-23,133948.0,927383.0,74294.0,579273.0,606465.0
2023-01-24,163155.0,678737.0,86233.0,492838.0,842933.0
2023-01-25,114880.0,825266.0,55658.0,463169.0,560545.0
2023-01-26,149455.0,603206.0,58930.0,439926.0,438576.0
2023-01-27,140631.0,650151.0,43687.0,387500.0,485644.0
2023-01-30,141837.0,988157.0,70595.0,549225.0,425136.0
2023-01-31,201800.0,694329.0,101848.0,457766.0,4158114.0
2023-02-01,197666.0,788304.0,88554.0,590472.0,1486250.0
2023-02-02,193873.0,1326046.0,74053.0,1176498.0,1830699.0
2023-02-03,115127.0,749827.0,88604.0,603623.0,828857.0
2023-02-06,138626.0,685471.0,61867.0,452349.0,551464.0
2023-02-07,178137.0,640771.0,97481.0,768510.0,628563.0
2023-02-08,126852.0,775742.0,157269.0,428953.0,652033.0
2023-02-09,220528.0,1954326.0,159353.0,630937.0,404520.0
2023-02-10,253939.0,2673608.0,127114.0,562068.0,335754.0
2023-02-13,149392.0,1176952.0,104481.0,596735.0,463833.0
2023-02-14,152109.0,1240492.0,120003.0,735217.0,454797.0
2023-02-15,126243.0,1146343.0,103107.0,878721.0,407300.0
2023-02-16,190156.0,1198831.0,68053.0,899811.0,418241.0
2023-02-17,144894.0,1489787.0,87950.0,1050015.0,624209.0
2023-02-20,144894.0,1489787.0,87950.0,1050015.0,624209.0
2023-02-21,147417.0,948167.0,72924.0,567456.0,609451.0
2023-02-22,172604.0,723743.0,107576.0,711136.0,428691.0
2023-02-23,206158.0,1093995.0,73325.0,673278.0,493071.0
2023-02-24,248798.0,907169.0,70955.0,756729.0,478155.0
2023-02-27,162852.0,726712.0,55187.0,629523.0,522598.0
2023-02-28,233056.0,1317870.0,110838.0,1149790.0,896203.0
2023-03-01,171905.0,1090997.0,59783.0,498512.0,458311.0
2023-03-02,192419.0,884559.0,43365.0,478781.0,419437.0
2023-03-03,247871.0,814996.0,59354.0,614701.0,418595.0
2023-03-06,246392.0,860506.0,60083.0,491971.0,537354.0
2023-03-07,211649.0,779941.0,65645.0,595248.0,457812.0
2023-03-08,186957.0,588363.0,58722.0,513832.0,460195.0
2023-03-09,377135.0,872021.0,75149.0,624990.0,806338.0
2023-03-10,521135.0,908339.0,99626.0,906001.0,686902.0
2023-03-13,323608.0,1233955.0,165515.0,837814.0,439982.0
2023-03-14,292270.0,1365544.0,99667.0,770043.0,766104.0
2023-03-15,306938.0,1624514.0,99210.0,1262934.0,598654.0
2023-03-16,297183.0,1435823.0,106461.0,1205319.0,510440.0
2023-03-17,498164.0,1955895.0,221440.0,3425615.0,2009080.0
2023-03-20,334424.0,943431.0,80642.0,1029414.0,422480.0
2023-03-21,239309.0,1100901.0,118354.0,716363.0,460326.0
2023-03-22,238849.0,1119690.0,89594.0,1102003.0,388719.0
2023-03-23,218746.0,1066128.0,84916.0,667579.0,488388.0
2023-03-24,173244.0,1172490.0,112871.0,690147.0,425046.0
2023-03-27,195314.0,1179110.0,141677.0,1320078.0,275060.0
2023-03-28,208381.0,1425972.0,115883.0,1018309.0,326049.0
2023-03-29,261029.0,1198180.0,84543.0,646958.0,322882.0
2023-03-30,199015.0,882460.0,63014.0,585994.0,273427.0
2023-03-31,271569.0,681918.0,100458.0,682944.0,522839.0
2023-04-03,178064.0,663713.0,108631.0,466672.0,455542.0
2023-04-04,223364.0,477002.0,75822.0,678967.0,512590.0
2023-04-05,273414.0,770635.0,114638.0,598645.0,458986.0
2023-04-06,258819.0,536663.0,67088.0,350623.0,405453.0
2023-04-07,258819.0,536663.0,67088.0,350623.0,405453.0
2023-04-10,184200.0,978210.0,60446.0,411195.0,407535.0
2023-04-11,193316.0,859769.0,64636.0,544594.0,326237.0
2023-04-12,188498.0,777660.0,73177.0,460723.0,319135.0
2023-04-13,153806.0,599122.0,63747.0,467258.0,435349.0
2023-04-14,179595.0,744322.0,79778.0,436237.0,355644.0
2023-04-17,193435.0,799713.0,87268.0,697552.0,373737.0
2023-04-18,164504.0,933179.0,61046.0,529083.0,431300.0
2023-04-19,189521.0,1077609.0,67007.0,322585.0,315749.0
2023-04-20,158687.0,558764.0,71220.0,449767.0,402983.0
2023-04-21,168056.0,609267.0,141057.0,802804.0,378123.0
2023-04-24,180297.0,747656.0,81802.0,478653.0,383010.0
2023-04-25,183950.0,879401.0,93494.0,753592.0,465714.0
2023-04-26,160348.0,787258.0,89794.0,599605.0,719889.0
2023-04-27,185059.0,745434.0,124644.0,468542.0,1102975.0
2023-04-28,173417.0,761934.0,155040.0,440059.0,1074006.0
2023-05-01,299948.0,781549.0,84898.0,512737.0,821589.0
2023-05-02,248467.0,777038.0,115128.0,822431.0,658645.0
2023-05-03,300402.0,1220399.0,141365.0,658871.0,583696.0
2023-05-04,204149.0,1384058.0,98040.0,831439.0,448892.0
2023-05-05,186571.0,2317510.0,120144.0,638034.0,443756.0
2023-05-08,150455.0,987411.0,75065.0,676518.0,384574.0
2023-05-09,248594.0,834489.0,91501.0,863561.0,502060.0
2023-05-10,288126.0,1118327.0,76854.0,685021.0,489005.0
2023-05-11,245958.0,601871.0,67234.0,962652.0,378126.0
2023-05-12,300455.0,712686.0,63983.0,906256.0,280816.0
2023-05-15,214605.0,803404.0,52538.0,906528.0,288956.0
2023-05-16,315791.0,1011063.0,40387.0,671791.0,462369.0
2023-05-17,187813.0,882144.0,58122.0,725116.0,477912.0
2023-05-18,235680.0,941346.0,57881.0,931781.0,339246.0
2023-05-19,394722.0,772337.0,67029.0,582604.0,358882.0
2023-05-22,447284.0,588721.0,76199.0,706144.0,316132.0
2023-05-23,292016.0,637402.0,75267.0,1404653.0,337873.0
2023-05-24,271213.0,494031.0,88799.0,622493.0,383967.0
2023-05-25,694068.0,887121.0,78208.0,929434.0,326175.0
2023-05-26,1576739.0,603129.0,49505.0,850195.0,602114.0
2023-05-29,1576739.0,603129.0,49505.0,850195.0,602114.0
2023-05-30,883036.0,604340.0,146103.0,835508.0,446539.0
2023-05-31,1027195.0,1300477.0,344382.0,2368990.0,1371232.0
2023-06-01,438479.0,858781.0,69381.0,1063606.0,583626.0
2023-06-02,462716.0,903140.0,71113.0,1148606.0,677325.0
2023-06-05,402202.0,1575539.0,93283.0,806806.0,927727.0
2023-06-06,291585.0,1557458.0,101714.0,819231.0,584408.0
2023-06-07,285581.0,1239176.0,95328.0,898539.0,494177.0
2023-06-08,297870.0,1030782.0,81065.0,890207.0,423869.0
2023-06-09,394814.0,1144544.0,105982.0,1207479.0,445635.0
2023-06-12,296658.0,827525.0,72336.0,710805.0,499978.0
2023-06-13,498348.0,740716.0,68849.0,1641155.0,412137.0
2023-06-14,426693.0,873651.0,114870.0,1854871.0,681983.0
2023-06-15,347187.0,1360921.0,119355.0,1679454.0,389266.0
2023-06-16,864971.0,1967882.0,526387.0,2637255.0,1123889.0
2023-06-19,864971.0,1967882.0,526387.0,2637255.0,1123889.0
2023-06-20,369327.0,1322374.0,109426.0,1599944.0,483621.0
2023-06-21,373404.0,1313091.0,83475.0,956620.0,321344.0
2023-06-22,266875.0,1095880.0,91815.0,933389.0,451232.0
2023-06-23,299930.0,1639334.0,182527.0,1700763.0,1410571.0
2023-06-26,283930.0,1081736.0,77126.0,975946.0,351475.0
2023-06-27,253680.0,1163161.0,98912.0,1009883.0,349833.0
2023-06-28,296896.0,1028496.0,77008.0,889517.0,317456.0
2023-06-29,237380.0,1017132.0,76723.0,1324603.0,304835.0
2023-06-30,324639.0,1232181.0,102242.0,1555049.0,534685.0
2023-07-03,176839.0,528525.0,43955.0,439647.0,226061.0
2023-07-04,176839.0,528525.0,43955.0,439647.0,226061.0
2023-07-05,299101.0,776091.0,72661.0,894878.0,351094.0
2023-07-06,261178.0,829558.0,155503.0,926459.0,393792.0
2023-07-07,237036.0,896683.0,97421.0,718232.0,643682.0
2023-07-10,209197.0,784325.0,89511.0,963018.0,313993.0
2023-07-11,172157.0,949902.0,78936.0,1110302.0,371706.0
2023-07-12,178566.0,721672.0,56767.0,1377563.0,518133.0
2023-07-13,241958.0,764882.0,106872.0,779434.0,372171.0
2023-07-14,211193.0,593553.0,68615.0,632031.0,341928.0
2023-07-17,175683.0,699083.0,60844.0,647455.0,287714.0
2023-07-18,197331.0,846028.0,60588.0,526480.0,310831.0
2023-07-19,187880.0,766758.0,77729.0,622952.0,409531.0
2023-07-20,252024.0,564380.0,72690.0,567052.0,459224.0
2023-07-21,271046.0,426069.0,99049.0,819088.0,248537.0
2023-07-24,252152.0,573983.0,64440.0,641122.0,370675.0
2023-07-25,295202.0,592997.0,85957.0,873167.0,267464.0
2023-07-26,212201.0,477970.0,83025.0,598636.0,321049.0
2023-07-27,259635.0,566872.0,132398.0,634876.0,363573.0
2023-07-28,282146.0,504276.0,92665.0,658662.0,446136.0
2023-07-31,318761.0,770101.0,136112.0,925121.0,599360.0
2023-08-01,242047.0,488130.0,64913.0,736750.0,388050.0
2023-08-02,213010.0,880777.0,49422.0,706037.0,588165.0
2023-08-03,296911.0,3762305.0,69030.0,799492.0,645431.0
2023-08-04,244507.0,1875834.0,42225.0,786305.0,403563.0
2023-08-07,235467.0,1540245.0,47024.0,885309.0,428462.0
2023-08-08,236547.0,1113853.0,45283.0,980256.0,406212.0
2023-08-09,250971.0,1008904.0,34279.0,853429.0,426691.0
2023-08-10,233139.0,760791.0,58690.0,732388.0,393363.0
2023-08-11,177438.0,626809.0,59507.0,801809.0,395389.0
2023-08-14,291920.0,657204.0,61134.0,611028.0,528416.0
2023-08-15,286816.0,1100598.0,60885.0,590576.0,349853.0
2023-08-16,304083.0,573992.0,47925.0,845053.0,290214.0
2023-08-17,224132.0,586391.0,60015.0,667863.0,340589.0
2023-08-18,180218.0,896937.0,41918.0,1043079.0,413185.0
2023-08-21,254082.0,610471.0,48615.0,738191.0,345231.0
2023-08-22,404652.0,462959.0,61529.0,524754.0,255009.0
2023-08-23,398607.0,692208.0,79077.0,599413.0,217921.0
2023-08-24,544441.0,695875.0,70321.0,616344.0,275981.0
2023-08-25,686034.0,714631.0,51558.0,592790.0,222822.0
2023-08-28,328748.0,435462.0,60245.0,741292.0,251727.0
2023-08-29,242463.0,436519.0,61624.0,784224.0,248346.0
2023-08-30,318497.0,606070.0,30133.0,763069.0,341593.0
2023-08-31,351846.0,823792.0,86403.0,871679.0,884919.0
2023-09-01,232964.0,601420.0,76018.0,654622.0,587655.0
2023-09-04,232964.0,601420.0,76018.0,654622.0,587655.0
2023-09-05,335609.0,806670.0,99267.0,853486.0,474637.0
2023-09-06,228968.0,906204.0,76891.0,627639.0,439872.0
2023-09-07,266095.0,1434278.0,81536.0,1238088.0,686862.0
2023-09-08,213615.0,975346.0,55385.0,554317.0,511902.0
2023-09-11,298538.0,791850.0,62088.0,554689.0,259155.0
2023-09-12,192005.0,613215.0,88382.0,872578.0,478404.0
2023-09-13,213007.0,935048.0,54445.0,809350.0,545136.0
2023-09-14,237867.0,969195.0,53104.0,1103785.0,562589.0
2023-09-15,411547.0,2847860.0,267990.0,2398629.0,1262832.0
2023-09-18,289375.0,850812.0,47674.0,1074500.0,418777.0
2023-09-19,258105.0,972254.0,51889.0,922957.0,514571.0
2023-09-20,170281.0,626556.0,43823.0,909353.0,250062.0
2023-09-21,217170.0,888696.0,60598.0,1641598.0,299069.0
2023-09-22,252289.0,1008853.0,65414.0,1060507.0,231292.0
2023-09-25,187757.0,906705.0,55788.0,708194.0,348339.0
2023-09-26,269673.0,779605.0,84089.0,703950.0,414790.0
2023-09-27,171946.0,827255.0,59809.0,1385976.0,450336.0
2023-09-28,177530.0,899390.0,126059.0,628718.0,381238.0
2023-09-29,245012.0,1180791.0,162059.0,1009567.0,518291.0
2023-10-02,267604.0,755298.0,72877.0,876378.0,466115.0
2023-10-03,246447.0,872601.0,64145.0,787355.0,336398.0
2023-10-04,358205.0,731898.0,140379.0,1065860.0,288904.0
2023-10-05,270168.0,575496.0,114017.0,1521173.0,343507.0
2023-10-06,439364.0,634927.0,63083.0,616832.0,344027.0
2023-10-09,379157.0,663069.0,96685.0,1126900.0,349215.0
2023-10-10,261996.0,627983.0,78553.0,602318.0,310396.0
2023-10-11,231023.0,689781.0,73855.0,554818.0,267391.0
2023-10-12,258482.0,538484.0,54805.0,694126.0,340006.0
2023-10-13,180516.0,675049.0,89448.0,978279.0,592811.0
2023-10-16,228488.0,544134.0,64368.0,638623.0,512375.0
2023-10-17,238147.0,541235.0,124171.0,1142601.0,423408.0
2023-10-18,303137.0,714982.0,57367.0,905202.0,535816.0
2023-10-19,289518.0,935387.0,101007.0,695367.0,430935.0
2023-10-20,270190.0,1108843.0,70496.0,563422.0,602474.0
2023-10-23,266672.0,883499.0,71934.0,1243530.0,538302.0
2023-10-24,256975.0,505414.0,67185.0,364794.0,395680.0
2023-10-25,246891.0,565680.0,109775.0,533466.0,339097.0
2023-10-26,224998.0,790754.0,209166.0,660691.0,432419.0
2023-10-27,170423.0,675640.0,121152.0,982342.0,585052.0
2023-10-30,223248.0,751974.0,99149.0,585558.0,628269.0
2023-10-31,280134.0,633113.0,113022.0,1237658.0,627448.0
2023-11-01,272484.0,1023646.0,93083.0,804797.0,633143.0
2023-11-02,271221.0,2137017.0,56516.0,645146.0,911470.0
2023-11-03,223957.0,2443207.0,97135.0,620068.0,574226.0
2023-11-06,176922.0,1299074.0,90672.0,566896.0,428777.0
2023-11-07,238900.0,1779309.0,53741.0,920445.0,482993.0
2023-11-08,232759.0,1013415.0,147869.0,938823.0,444073.0
2023-11-09,229267.0,998082.0,129258.0,1180570.0,396734.0
2023-11-10,211994.0,933528.0,95751.0,1150194.0,744501.0
2023-11-13,153944.0,670388.0,64972.0,635458.0,410514.0
2023-11-14,272790.0,838092.0,86003.0,475659.0,454616.0
2023-11-15,470484.0,1657077.0,90042.0,649736.0,470040.0
2023-11-16,352415.0,1038176.0,103380.0,1037380.0,526266.0
2023-11-17,196019.0,1321651.0,92205.0,508158.0,460974.0
2023-11-20,231721.0,915010.0,66631.0,544534.0,425787.0
2023-11-21,219601.0,792303.0,62491.0,823380.0,617675.0
2023-11-22,168381.0,656300.0,75913.0,456241.0,447472.0
2023-11-23,168381.0,656300.0,75913.0,456241.0,447472.0
2023-11-24,148299.0,308424.0,33120.0,211923.0,189763.0
2023-11-27,268944.0,542778.0,79635.0,918487.0,422258.0
2023-11-28,239570.0,685906.0,60808.0,676744.0,447783.0
2023-11-29,298975.0,662154.0,84753.0,709524.0,467612.0
2023-11-30,773872.0,886281.0,110788.0,2627957.0,1923699.0
2023-12-01,985195.0,624792.0,66598.0,1003592.0,358437.0
2023-12-04,604862.0,617271.0,82241.0,979700.0,768622.0
2023-12-05,355369.0,479049.0,75327.0,753786.0,472485.0
2023-12-06,310395.0,645720.0,74712.0,1086416.0,333331.0
2023-12-07,231906.0,783313.0,55230.0,759528.0,285535.0
2023-12-08,229499.0,629015.0,51501.0,474785.0,501620.0
2023-12-11,279163.0,691258.0,55356.0,602496.0,476474.0
2023-12-12,242774.0,585911.0,65550.0,890396.0,460673.0
2023-12-13,198135.0,569140.0,85615.0,761984.0,642647.0
2023-12-14,239092.0,753829.0,118694.0,1274187.0,900714.0
2023-12-15,603895.0,2616341.0,240480.0,3307400.0,2177988.0
2023-12-18,187755.0,673285.0,81870.0,1245270.0,681117.0
2023-12-19,178574.0,996051.0,105200.0,961912.0,753867.0
2023-12-20,225033.0,1126723.0,122743.0,767814.0,564705.0
2023-12-21,195734.0,914556.0,89611.0,504599.0,376169.0
2023-12-22,218453.0,860262.0,50128.0,392879.0,253370.0
2023-12-25,218453.0,860262.0,50128.0,392879.0,253370.0
2023-12-26,170154.0,587158.0,32238.0,474446.0,241441.0
2023-12-27,164613.0,601797.0,61706.0,926503.0,203169.0
2023-12-28,160568.0,342438.0,38087.0,485078.0,217627.0
2023-12-29,220532.0,505343.0,84995.0,494866.0,428867.0
2024-01-01,220532.0,505343.0,84995.0,494866.0,428867.0
2024-01-02,197258.0,1038766.0,84094.0,900240.0,533940.0
2024-01-03,218719.0,1301576.0,96470.0,949298.0,956526.0
2024-01-04,203838.0,1182295.0,202441.0,900412.0,557729.0
2024-01-05,207754.0,608114.0,97098.0,633780.0,770055.0
2024-01-08,252525.0,855245.0,81859.0,995503.0,498999.0
2024-01-09,227372.0,755066.0,71685.0,737426.0,323117.0
2024-01-10,173050.0,576626.0,60993.0,769199.0,326830.0
2024-01-11,230467.0,434877.0,48427.0,713600.0,460000.0
2024-01-12,151883.0,427206.0,57505.0,723082.0,380815.0
2024-01-15,151883.0,427206.0,57505.0,723082.0,380815.0
2024-01-16,277969.0,478437.0,55282.0,671524.0,484212.0
2024-01-17,168450.0,532354.0,119206.0,907705.0,275445.0
2024-01-18,158089.0,803348.0,84460.0,722971.0,409299.0
2024-01-19,205760.0,821167.0,65397.0,932750.0,500936.0
2024-01-22,160295.0,918224.0,118233.0,797500.0,344541.0
2024-01-23,185516.0,702835.0,79171.0,1142617.0,425402.0
2024-01-24,239720.0,423657.0,84040.0,744243.0,277034.0
2024-01-25,307122.0,723414.0,66534.0,561618.0,317985.0
2024-01-26,236692.0,506332.0,69888.0,498600.0,376370.0
2024-01-29,314315.0,529749.0,108785.0,491740.0,522909.0
2024-01-30,234953.0,641754.0,123841.0,605420.0,460944.0
2024-01-31,249041.0,572442.0,66375.0,858231.0,1008833.0
2024-02-01,193141.0,657456.0,85148.0,476742.0,2184604.0
2024-02-02,202867.0,608984.0,62401.0,694676.0,1076719.0
2024-02-05,210866.0,682294.0,159084.0,1007535.0,813636.0
2024-02-06,239746.0,590807.0,129809.0,2039533.0,741255.0
2024-02-07,272125.0,720488.0,106546.0,1264135.0,689977.0
2024-02-08,261455.0,2123191.0,169344.0,1128089.0,738693.0
2024-02-09,196547.0,4833080.0,116884.0,852436.0,384927.0
2024-02-12,189717.0,1987375.0,109345.0,710969.0,447321.0
2024-02-13,258946.0,1374723.0,83264.0,1031947.0,532659.0
2024-02-14,209457.0,1000808.0,67877.0,860731.0,374010.0
2024-02-15,168554.0,1210597.0,121375.0,1198200.0,522810.0
2024-02-16,162212.0,805256.0,109949.0,1528802.0,369028.0
2024-02-19,162212.0,805256.0,109949.0,1528802.0,369028.0
2024-02-20,262235.0,836957.0,85029.0,2251658.0,586804.0
2024-02-21,249729.0,641075.0,73215.0,2293724.0,404305.0
2024-02-22,188161.0,859665.0,74540.0,1103002.0,558772.0
2024-02-23,134904.0,1069262.0,56053.0,606314.0,487895.0
2024-02-26,157600.0,755310.0,55649.0,1017691.0,412588.0
2024-02-27,142612.0,731848.0,58335.0,867281.0,588371.0
2024-02-28,105619.0,618018.0,69657.0,864334.0,444663.0
2024-02-29,519539.0,931377.0,124533.0,2068256.0,1463244.0
2024-03-01,214525.0,685616.0,74664.0,885105.0,621752.0
2024-03-04,138493.0,680933.0,75101.0,866311.0,817030.0
2024-03-05,181538.0,916004.0,127558.0,955914.0,583542.0
2024-03-06,156141.0,712141.0,96237.0,935663.0,910383.0
2024-03-07,127033.0,794126.0,82927.0,733150.0,625250.0
2024-03-08,160830.0,678506.0,83900.0,742683.0,369862.0
2024-03-11,202333.0,494345.0,86891.0,626130.0,636075.0
2024-03-12,176994.0,593767.0,83346.0,1765361.0,481937.0
2024-03-13,263621.0,895239.0,64713.0,715629.0,666734.0
2024-03-14,420151.0,665174.0,58825.0,910904.0,700382.0
2024-03-15,1014390.0,1955590.0,234886.0,1651892.0,7869312.0
2024-03-18,322885.0,560731.0,78933.0,575547.0,514046.0
2024-03-19,280366.0,661934.0,88465.0,829254.0,741757.0
2024-03-20,253192.0,636494.0,53707.0,1496012.0,457402.0
2024-03-21,363116.0,639771.0,44803.0,727459.0,457540.0
2024-03-22,300890.0,478127.0,56611.0,669554.0,327220.0
2024-03-25,302599.0,476352.0,34470.0,493577.0,884764.0
2024-03-26,302726.0,1368912.0,103466.0,531953.0,743653.0
2024-03-27,282907.0,1250586.0,93360.0,616725.0,420693.0
2024-03-28,280036.0,1202433.0,63342.0,1705492.0,626960.0
2024-03-29,280036.0,1202433.0,63342.0,1705492.0,626960.0
2024-04-01,235694.0,938785.0,82171.0,638925.0,600662.0
2024-04-02,219960.0,1031017.0,74799.0,704045.0,497421.0
2024-04-03,1113584.0,833400.0,127129.0,1702109.0,407742.0
2024-04-04,807863.0,857794.0,80521.0,1052213.0,373381.0
2024-04-05,390396.0,624376.0,55170.0,890044.0,404336.0
2024-04-08,324297.0,412703.0,68072.0,994740.0,352429.0
2024-04-09,233512.0,490685.0,43552.0,760941.0,430647.0
2024-04-10,274940.0,594839.0,88449.0,829687.0,434263.0
2024-04-11,158309.0,759967.0,63162.0,1088540.0,376792.0
2024-04-12,157971.0,820400.0,74714.0,1212525.0,327289.0
2024-04-15,284971.0,726835.0,46564.0,971708.0,512863.0
2024-04-16,336065.0,598366.0,50016.0,862049.0,554579.0
2024-04-17,231139.0,527118.0,73152.0,807325.0,718374.0
2024-04-18,273127.0,540683.0,74580.0,777806.0,646059.0
2024-04-19,355982.0,634530.0,60184.0,768285.0,662584.0
2024-04-22,208007.0,577426.0,83067.0,1232919.0,623265.0
2024-04-23,220971.0,636970.0,68697.0,1208901.0,337463.0
2024-04-24,309197.0,635217.0,95092.0,661756.0,535497.0
2024-04-25,269767.0,586095.0,163788.0,667726.0,1121443.0
2024-04-26,195810.0,616696.0,104305.0,488070.0,532892.0
2024-04-29,233151.0,748711.0,81739.0,1277972.0,763440.0
2024-04-30,397823.0,843542.0,154135.0,636389.0,1574596.0
2024-05-01,209052.0,1019046.0,97814.0,1182002.0,1235889.0
2024-05-02,215599.0,1623523.0,64943.0,1028324.0,2419837.0
2024-05-03,224817.0,3771899.0,71438.0,1062825.0,1124427.0
2024-05-06,295129.0,1486032.0,114182.0,552062.0,832466.0
2024-05-07,272580.0,1527938.0,124688.0,1001184.0,672664.0
2024-05-08,275651.0,1159169.0,64293.0,1077142.0,499316.0
2024-05-09,204055.0,1492544.0,75006.0,1227322.0,461351.0
2024-05-10,267317.0,980835.0,96066.0,1022555.0,586148.0
2024-05-13,239375.0,1207504.0,120972.0,610911.0,478929.0
2024-05-14,236282.0,840551.0,137612.0,789544.0,565097.0
2024-05-15,174533.0,767781.0,110009.0,709241.0,559147.0
2024-05-16,198828.0,778692.0,88722.0,1013865.0,605785.0
2024-05-17,173740.0,1082025.0,122152.0,679298.0,708675.0
2024-05-20,370555.0,949842.0,149024.0,782563.0,590043.0
2024-05-21,291999.0,932220.0,73066.0,736992.0,564741.0
2024-05-22,267632.0,562017.0,111383.0,1027122.0,790364.0
2024-05-23,270025.0,689410.0,68934.0,812894.0,749923.0
2024-05-24,323511.0,468868.0,101501.0,559898.0,851552.0
2024-05-27,323511.0,468868.0,101501.0,559898.0,851552.0
2024-05-28,341841.0,901571.0,117091.0,686348.0,969940.0
2024-05-29,446936.0,610580.0,111907.0,898766.0,585865.0
2024-05-30,728152.0,510780.0,76325.0,1306696.0,698059.0
2024-05-31,1135840.0,911904.0,113626.0,4644180.0,4470451.0
2024-06-03,389211.0,774449.0,67887.0,1409021.0,549168.0
2024-06-04,275366.0,684125.0,69738.0,961444.0,501867.0
2024-06-05,236519.0,797383.0,79171.0,923209.0,426836.0
2024-06-06,236500.0,1159932.0,69500.0,830069.0,425121.0
2024-06-07,220467.0,999210.0,54228.0,980169.0,523700.0
2024-06-10,281338.0,658728.0,67066.0,1373207.0,458814.0
2024-06-11,381811.0,576587.0,81296.0,878599.0,413085.0
2024-06-12,288408.0,806636.0,69676.0,1025022.0,356024.0
2024-06-13,324405.0,501594.0,75326.0,717990.0,306986.0
2024-06-14,282253.0,574410.0,79256.0,788824.0,402501.0
2024-06-17,238358.0,626640.0,122984.0,755241.0,558443.0
2024-06-18,281773.0,669396.0,119882.0,1105279.0,593152.0
2024-06-19,281773.0,669396.0,119882.0,1105279.0,593152.0
2024-06-20,348394.0,720919.0,126431.0,756569.0,703519.0
2024-06-21,746075.0,2311064.0,361117.0,1904656.0,2867199.0
2024-06-24,291734.0,633439.0,120262.0,857156.0,600580.0
2024-06-25,242051.0,859628.0,109122.0,1096044.0,637232.0
2024-06-26,218105.0,669150.0,74298.0,978285.0,674736.0
2024-06-27,264668.0,809370.0,95388.0,975821.0,523171.0
2024-06-28,406341.0,1069923.0,417995.0,3496157.0,1327478.0
2024-07-01,374987.0,567037.0,109839.0,874507.0,425610.0
2024-07-02,280490.0,544012.0,132508.0,697786.0,722609.0
2024-07-03,168866.0,354488.0,108017.0,671099.0,286909.0
2024-07-04,168866.0,354488.0,108017.0,671099.0,286909.0
2024-07-05,256611.0,767109.0,188426.0,2072671.0,727178.0
2024-07-08,298861.0,533221.0,140013.0,720071.0,393214.0
2024-07-09,229104.0,744446.0,113850.0,715181.0,552602.0
2024-07-10,244477.0,592512.0,97979.0,832135.0,653586.0
2024-07-11,232446.0,588953.0,124434.0,1009429.0,555928.0
2024-07-12,297793.0,497427.0,100281.0,897570.0,553097.0
2024-07-15,443095.0,567896.0,135966.0,706297.0,611466.0
2024-07-16,276125.0,1234953.0,118230.0,1275586.0,684477.0
2024-07-17,277328.0,671845.0,77283.0,794226.0,563523.0
2024-07-18,283306.0,549233.0,86763.0,871937.0,495464.0
2024-07-19,331761.0,511892.0,142985.0,685641.0,615341.0
2024-07-22,200099.0,550643.0,136180.0,455651.0,635217.0
2024-07-23,147938.0,582870.0,115643.0,486567.0,508330.0
2024-07-24,465675.0,797120.0,128828.0,547146.0,434377.0
2024-07-25,371635.0,735124.0,230468.0,1030994.0,616851.0
2024-07-26,297110.0,572645.0,149869.0,886504.0,536596.0
2024-07-29,321062.0,475859.0,162975.0,911609.0,435005.0
2024-07-30,296679.0,476161.0,163906.0,1150213.0,392890.0
2024-07-31,284014.0,655943.0,121892.0,1550813.0,1855264.0
2024-08-01,377573.0,1070717.0,129223.0,1040437.0,1383785.0
2024-08-02,316981.0,986119.0,108944.0,1017733.0,894588.0
2024-08-05,374018.0,1114174.0,211565.0,1031927.0,709104.0
2024-08-06,318806.0,951551.0,139756.0,1449643.0,680914.0
2024-08-07,304394.0,1004657.0,95359.0,1333960.0,569560.0
2024-08-08,317125.0,1469890.0,80146.0,1527657.0,710515.0
2024-08-09,321617.0,1830270.0,69052.0,1430992.0,355092.0
2024-08-12,269141.0,977181.0,79153.0,1006627.0,371602.0
2024-08-13,364425.0,802471.0,79270.0,1368711.0,551273.0
2024-08-14,303769.0,810909.0,84816.0,792959.0,324128.0
2024-08-15,1182076.0,590658.0,107714.0,1227295.0,301246.0
2024-08-16,807404.0,719785.0,79543.0,877543.0,457913.0
2024-08-19,765451.0,537115.0,77973.0,602522.0,446280.0
2024-08-20,496504.0,608656.0,60032.0,591536.0,303244.0
2024-08-21,430210.0,502747.0,60539.0,1186792.0,304715.0
2024-08-22,350643.0,421093.0,86732.0,820020.0,320358.0
2024-08-23,305937.0,450564.0,73563.0,983815.0,237348.0
2024-08-26,289056.0,482475.0,73211.0,710238.0,258270.0
2024-08-27,352016.0,610281.0,69059.0,578120.0,326249.0
2024-08-28,469588.0,543841.0,153324.0,548543.0,423462.0
2024-08-29,650911.0,474602.0,91809.0,516855.0,421924.0
2024-08-30,1513302.0,963926.0,112385.0,1537885.0,834962.0
2024-09-02,1513302.0,963926.0,112385.0,1537885.0,834962.0
2024-09-03,764409.0,699352.0,132723.0,721939.0,531095.0
2024-09-04,401704.0,514963.0,99862.0,724597.0,384381.0
2024-09-05,314393.0,626888.0,78084.0,476577.0,397913.0
2024-09-06,402586.0,562827.0,144123.0,742756.0,557202.0
2024-09-09,478613.0,473880.0,106905.0,1132804.0,420542.0
2024-09-10,602944.0,521924.0,105513.0,868372.0,364081.0
2024-09-11,276075.0,537227.0,74447.0,1131217.0,360993.0
2024-09-12,249774.0,343477.0,100045.0,698595.0,381340.0
2024-09-13,268936.0,332650.0,83041.0,850909.0,291890.0
2024-09-16,331764.0,306251.0,107600.0,534113.0,470716.0
2024-09-17,485007.0,732027.0,106957.0,594413.0,547865.0
2024-09-18,416487.0,519955.0,100450.0,687605.0,667486.0
2024-09-19,309855.0,542688.0,99716.0,820201.0,582635.0
2024-09-20,628586.0,1470538.0,493739.0,3100950.0,4393254.0
2024-09-23,531200.0,326257.0,109663.0,725780.0,833800.0
2024-09-24,303991.0,663166.0,164623.0,657436.0,729498.0
2024-09-25,471672.0,609084.0,192221.0,617157.0,437808.0
2024-09-26,362875.0,443107.0,149011.0,983385.0,474428.0
2024-09-27,363890.0,329637.0,76667.0,727667.0,373682.0
2024-09-30,582427.0,472647.0,169452.0,651799.0,575333.0
2024-10-01,373870.0,341080.0,154627.0,685803.0,492143.0
2024-10-02,301573.0,288568.0,145312.0,516665.0,286797.0
2024-10-03,344390.0,526375.0,123346.0,620700.0,402065.0
2024-10-04,329221.0,426755.0,98954.0,767295.0,446256.0
2024-10-07,275724.0,387005.0,99602.0,616943.0,226350.0
2024-10-08,258378.0,568312.0,82984.0,672775.0,403054.0
2024-10-09,424435.0,462044.0,60134.0,738526.0,408858.0
2024-10-10,312000.0,374011.0,91197.0,603699.0,291521.0
2024-10-11,332322.0,374780.0,82031.0,935500.0,231623.0
2024-10-14,268450.0,458005.0,76106.0,549868.0,271275.0
2024-10-15,292649.0,356569.0,76992.0,650625.0,363112.0
2024-10-16,752035.0,403000.0,89212.0,726709.0,409382.0
2024-10-17,413787.0,1340905.0,122662.0,566092.0,276625.0
2024-10-18,291665.0,604004.0,81350.0,487671.0,900133.0
2024-10-21,456245.0,585500.0,111306.0,549997.0,409456.0
2024-10-22,395506.0,373504.0,141342.0,863680.0,391200.0
2024-10-23,237177.0,354644.0,135938.0,562804.0,350022.0
2024-10-24,212198.0,267221.0,524204.0,636166.0,442947.0
2024-10-25,230797.0,327997.0,214492.0,667939.0,416284.0
2024-10-28,328853.0,358514.0,123941.0,909598.0,443943.0
2024-10-29,345404.0,368535.0,111079.0,723544.0,440908.0
2024-10-30,205375.0,476250.0,145252.0,871648.0,838573.0
2024-10-31,294383.0,754836.0,94882.0,739403.0,1574926.0
2024-11-01,225883.0,386099.0,104151.0,703863.0,627816.0
2024-11-04,292494.0,301737.0,131305.0,600941.0,418545.0
2024-11-05,194681.0,587659.0,117566.0,579426.0,518120.0
2024-11-06,394765.0,862115.0,210857.0,954144.0,855705.0
2024-11-07,232921.0,892895.0,96391.0,931796.0,556401.0
2024-11-08,222893.0,1443773.0,88726.0,884796.0,381673.0
2024-11-11,295951.0,673822.0,109807.0,861774.0,287166.0
2024-11-12,208611.0,578377.0,91481.0,935154.0,351265.0
2024-11-13,220331.0,390999.0,67649.0,715857.0,499377.0
2024-11-14,215066.0,400171.0,94343.0,915054.0,439243.0
2024-11-15,481766.0,1017632.0,113086.0,997009.0,399801.0
2024-11-18,445476.0,368406.0,76315.0,861456.0,233239.0
2024-11-19,281679.0,380292.0,74765.0,899043.0,323888.0
2024-11-20,264775.0,375042.0,95703.0,874323.0,228449.0
2024-11-21,307918.0,410048.0,96800.0,861511.0,283961.0
2024-11-22,294412.0,410422.0,90721.0,1002881.0,441210.0
2024-11-25,723923.0,933845.0,150017.0,3940539.0,1270355.0
2024-11-26,252997.0,452131.0,74307.0,681816.0,521956.0
2024-11-27,363930.0,372770.0,79223.0,727904.0,596715.0
2024-11-28,363930.0,372770.0,79223.0,727904.0,596715.0
2024-11-29,253347.0,299171.0,44393.0,649785.0,230307.0
2024-12-02,343941.0,444994.0,73523.0,848131.0,485035.0
2024-12-03,385909.0,251527.0,72672.0,1385333.0,523668.0
2024-12-04,384520.0,362396.0,71487.0,890712.0,478084.0
2024-12-05,513791.0,351509.0,99034.0,733812.0,396695.0
2024-12-06,974316.0,422209.0,49689.0,828867.0,339733.0
2024-12-09,457348.0,326419.0,114537.0,977928.0,478865.0
2024-12-10,306375.0,390304.0,90459.0,1284967.0,373966.0
2024-12-11,476323.0,370529.0,112956.0,1014111.0,581294.0
2024-12-12,237051.0,485509.0,118545.0,727691.0,795009.0
2024-12-13,224515.0,291399.0,108313.0,850385.0,571537.0
2024-12-16,369214.0,451154.0,100637.0,1250129.0,443791.0
2024-12-17,335188.0,536044.0,132762.0,1070628.0,369518.0
2024-12-18,386667.0,699861.0,136733.0,1197539.0,404164.0
2024-12-19,326072.0,682175.0,119390.0,1379652.0,531129.0
2024-12-20,670186.0,2714713.0,442434.0,4438289.0,1137705.0
2024-12-23,264211.0,624875.0,75945.0,1142301.0,411966.0
2024-12-24,126449.0,151866.0,27920.0,511413.0,131457.0
2024-12-25,126449.0,151866.0,27920.0,511413.0,131457.0
2024-12-26,322342.0,357658.0,86397.0,555472.0,278375.0
2024-12-27,210481.0,509168.0,59416.0,1175093.0,266056.0
2024-12-30,251789.0,541540.0,63799.0,751075.0,391298.0
2024-12-31,161172.0,445724.0,114746.0,1231864.0,304544.0
